word,frequency
of,118
a,116
the,113
to,75
is,71
I,67
you,66
in,62
take,55
make,35
name,33
at,28
kind,26
with,26
eat,26
for,24
on,24
if,24
your,24
s,22
by,21
fall,21
nt,21
large,20
very,20
The,20
are,20
that,18
up,18
do,18
can,17
it,17
because,17
my,17
me,17
tree,16
will,16
or,15
water,15
as,15
bamboo,14
from,14
walk,14
when,13
back,13
like,13
same,13
we,12
type,12
banana,12
call,12
have,12
this,12
house,11
person,11
fish,11
near,11
hand,11
keep,11
rain,11
want,11
time,10
out,10
an,10
down,10
be,10
hang,10
and,10
not,10
young,10
You,10
would,10
so,9
one,9
join,9
he,9
go,9
long,8
small,8
get,8
over,8
off,8
jump,8
walking,8
paddy,8
Do,8
am,8
sound,7
wood,7
baby,7
easily,7
palm,7
under,7
rattan,7
case,7
money,7
work,7
easy,7
face,7
fallen,7
together,7
jungle,7
only,7
last,7
river,7
reach,7
Let,7
We,7
was,7
What,7
container,6
bad,6
buffalo,6
see,6
food,6
dead,6
each,6
sick,6
give,6
fruit,6
floor,6
just,6
short,6
all,6
vegetable,6
land,6
road,6
who,6
He,6
Your,6
cut,5
bird,5
rice,5
home,5
spirits,5
child,5
someone,5
something,5
dark,5
date,5
day,5
maize,5
into,5
family,5
gather,5
half,5
way,5
kick,5
main,5
nail,5
said,5
raise,5
meet,5
yellow,5
has,5
him,5
ca,5
they,5
This,5
us,5
other,4
without,4
salt,4
basket,4
head,4
ball,4
calf,4
called,4
kill,4
dance,4
men,4
death,4
early,4
full,4
through,4
hole,4
gentle,4
rotten,4
end,4
jumping,4
snake,4
Kudat,4
valley,4
naughty,4
chicken,4
been,4
season,4
inside,4
table,4
sail,4
second,4
happy,4
wait,4
warm,4
yam,4
My,4
his,4
cold,4
husband,4
people,4
Its,4
Sit,4
maybe,4
there,4
its,4
feel,4
hill,3
place,3
group,3
part,3
woven,3
bald,3
mouth,3
father,3
uncle,3
calling,3
daily,3
dam,3
along,3
dare,3
spirit,3
deaf,3
dear,3
morning,3
pot,3
own,3
front,3
fainted,3
hard,3
love,3
onto,3
unit,3
between,3
gastric,3
post,3
strength,3
generation,3
hammer,3
hands,3
self,3
happened,3
jar,3
joist,3
journey,3
knife,3
imatate,3
watch,3
sea,3
landing,3
made,3
field,3
well,3
example,3
ground,3
obedient,3
colour,3
did,3
offer,3
no,3
oil,3
old,3
paper,3
rainy,3
sun,3
safe,3
against,3
wind,3
value,3
stone,3
wife,3
away,3
unable,3
understand,3
uneven,3
valuable,3
verandah,3
poor,3
sleep,3
wall,3
fire,3
yard,3
Who,3
Please,3
some,3
Put,3
plant,3
now,3
Can,3
There,3
shirt,3
hear,3
planting,3
know,3
how,3
Eat,3
m,3
hungry,3
where,3
She,3
son,3
myself,3
her,3
she,3
If,3
went,3
children,3
Today,3
them,3
wan,3
na,3
slaughter,3
ll,3
what,3
big,2
pigeon,2
creature,2
cup,2
handful,2
far,2
little,2
used,2
promise,2
quiet,2
lining,2
swing,2
put,2
cook,2
clouds,2
absent,2
finger,2
background,2
waist,2
growing,2
bag,2
bail,2
balance,2
adult,2
instrument,2
raft,2
shoot,2
band,2
cage,2
leg,2
calm,2
catch,2
hold,2
breath,2
share,2
cane,2
cannon,2
dad,2
damp,2
dangle,2
days,2
deadly,2
fight,2
leaves,2
decide,2
ear,2
corn,2
wheat,2
earn,2
ears,2
earth,2
earthen,2
pieces,2
bones,2
great,2
left,2
raw,2
facing,2
apart,2
backwards,2
first,2
false,2
leaf,2
falling,2
room,2
gap,2
legs,2
gender,2
flow,2
gently,2
hack,2
hair,2
nails,2
joint,2
wrestling,2
handle,2
clothes,2
jail,2
jellyfish,2
meal,2
two,2
ends,2
joined,2
judge,2
timber,2
identical,2
identify,2
ignorant,2
image,2
imaginary,2
imagine,2
immoral,2
impossible,2
dying,2
danger,2
difficulty,2
oneself,2
quite,2
secretly,2
kept,2
lamp,2
heel,2
kids,2
eyes,2
pumpkin,2
red,2
lace,2
lack,2
lament,2
landslide,2
wave,2
which,2
night,2
moment,2
late,2
macaque,2
machete,2
magical,2
maid,2
building,2
mill,2
cover,2
naked,2
female,2
gong,2
sour,2
tall,2
village,2
named,2
narrow,2
nasal,2
sounding,2
native,2
sarong,2
behaviour,2
o,2
side,2
obey,2
observe,2
taboo,2
octopus,2
odd,2
number,2
course,2
size,2
offsprings,2
often,2
oh,2
packed,2
paddle,2
paid,2
pail,2
pain,2
pair,2
heart,2
pants,2
parents,2
wedding,2
quantity,2
queer,2
question,2
quick,2
raised,2
rake,2
rape,2
ray,2
sad,2
sag,2
sago,2
salad,2
sand,2
satisfied,2
tail,2
lot,2
once,2
care,2
stomach,2
umbrella,2
uncooked,2
uncover,2
understanding,2
unfinished,2
verse,2
busy,2
wages,2
patiently,2
waiting,2
stand,2
slowly,2
wallow,2
war,2
warming,2
yaws,2
year,2
ginger,2
yes,2
yesterday,2
battlenut,2
yours,2
zenith,2
drink,2
climb,2
Mt,2
Kinabalu,2
dog,2
many,2
hurt,2
Montuson,2
strong,2
threw,2
afternoon,2
ripe,2
yet,2
new,2
It,2
still,2
Why,2
raining,2
today,2
How,2
Just,2
lets,2
until,2
gave,2
hot,2
weather,2
puppy,2
willing,2
harder,2
why,2
guava,2
look,2
recognise,2
chilli,2
Go,2
YB,2
miss,2
making,2
breads,2
Sikob,2
stole,2
always,2
around,2
married,2
i,2
actually,2
doctor,2
Look,2
monkey,2
Jump,2
branch,2
good,2
heavy,2
better,2
eating,2
grilled,2
too,2
boat,2
then,2
going,2
row,2
advise,2
forget,2
bring,2
soon,2
Where,2
caught,2
usually,2
Stand,2
Did,2
arrive,2
alike,2
beside,2
Next,2
talking,2
about,2
dizzy,2
come,2
smell,2
piss,2
Warm,2
yourself,2
should,2
honour,2
those,2
older,2
Is,2
cicada,1
chance,1
clanging,1
colourful,1
deserted,1
drop,1
greeting,1
prosperity,1
grip,1
highpitch,1
tinkling,1
impostering,1
perso,1
insect,1
piece,1
flattened,1
wearing,1
cloths,1
mound,1
mouthfull,1
dispose,1
any,1
substance,1
sapling,1
traps,1
snare,1
section,1
sitabout,1
support,1
wise,1
abandon,1
abdomen,1
abide,1
ability,1
able,1
above,1
abrade,1
abridge,1
abridged,1
slink,1
babysiter,1
bachelor,1
lash,1
chair,1
slash,1
backache,1
research,1
story,1
backside,1
backtoback,1
backward,1
luck,1
badly,1
badness,1
bait,1
baking,1
standing,1
balanced,1
harp,1
sucker,1
ban,1
offshoot,1
sprout,1
bandage,1
8,1
inch,1
cajole,1
cakes,1
calculate,1
gongs,1
chicks,1
eldest,1
service,1
crazy,1
assistance,1
aunty,1
scream,1
camouflaged,1
traphole,1
camphor,1
approach,1
count,1
distinguish,1
sense,1
talk,1
use,1
cancel,1
cancer,1
cancle,1
candle,1
canoe,1
cap,1
capable,1
dagger,1
life,1
including,1
provision,1
usage,1
irrigation,1
giringgiring,1
dancing,1
dandruff,1
below,1
daring,1
darkness,1
dashed,1
dawn,1
daylight,1
animal,1
body,1
coloured,1
curse,1
Gons,1
debate,1
debating,1
debts,1
decayed,1
decaying,1
deceitful,1
deceive,1
decline,1
decorate,1
eager,1
eagle,1
earless,1
earlier,1
earmar,1
earmark,1
lavishly,1
earnings,1
earrings,1
ware,1
earthworm,1
earwax,1
ease,1
rip,1
seperated,1
East,1
confusion,1
break,1
lose,1
hope,1
lifted,1
every,1
tiny,1
meat,1
fast,1
cooking,1
greedily,1
greedly,1
greedy,1
haste,1
leftover,1
pig,1
cobben,1
downward,1
facetoface,1
faded,1
faeces,1
faint,1
fainting,1
fairytale,1
faith,1
faithful,1
knees,1
teeth,1
prey,1
unto,1
forward,1
perfidious,1
fame,1
familiar,1
planner,1
galanga,1
gale,1
gall,1
gallon,1
measurement,1
gallop,1
gambier,1
gamble,1
game,1
gangster,1
fingers,1
toes,1
garden,1
gardening,1
gargle,1
gargling,1
gasoline,1
problem,1
problems,1
gate,1
worship,1
bottom,1
gathered,1
gathering,1
gaur,1
gaze,1
gear,1
generalize,1
generalized,1
generate,1
generator,1
generous,1
genitals,1
genius,1
knowledge,1
genoursity,1
breeze,1
flowing,1
sloping,1
germinate,1
germs,1
habits,1
haemorhoid,1
bun,1
hairly,1
tropical,1
hairpin,1
downhill,1
bit,1
halfhalf,1
halve,1
hammerheadshark,1
hammering,1
drill,1
bonded,1
plates,1
feast,1
everybody,1
handback,1
handcarried,1
handcuffs,1
handfan,1
handiplast,1
handkerchief,1
sth,1
handrail,1
line,1
branche,1
edge,1
loose,1
hanger,1
hanging,1
happen,1
jack,1
jackfruit,1
jade,1
jatuh,1
jealous,1
jealousy,1
jelousy,1
jerk,1
job,1
blaming,1
conversation,1
joining,1
joints,1
joke,1
bride,1
groom,1
joy,1
joyful,1
joyfull,1
wrongly,1
jugde,1
junction,1
thick,1
ice,1
box,1
idding,1
identification,1
sign,1
origin,1
identity,1
card,1
IC,1
idiot,1
ill,1
imitate,1
immediately,1
immers,1
immerse,1
liquid,1
imperativ,1
imply,1
Impossible,1
imprison,1
imprisoned,1
improvised,1
carrier,1
state,1
period,1
eternity,1
auction,1
chaos,1
demand,1
despair,1
fact,1
numbers,1
groups,1
hurry,1
keen,1
words,1
mind,1
silent,1
unseen,1
Keningau,1
kerosene,1
kettle,1
kicking,1
kidnap,1
kidney,1
bleeading,1
killed,1
killer,1
bee,1
bubu,1
frog,1
mushroom,1
plum,1
rottan,1
marking,1
spinach,1
labour,1
pains,1
labourer,1
expenses,1
lacking,1
ladder,1
ladle,1
lake,1
lame,1
depression,1
title,1
landed,1
net,1
landleech,1
langur,1
cicadas,1
clay,1
cylindrical,1
object,1
flies,1
rock,1
weightlifting,1
smile,1
squirrel,1
sucking,1
blood,1
fly,1
breaking,1
wok,1
largerounded,1
largespoon,1
larve,1
butterfly,1
larynx,1
mad,1
horn,1
planks,1
maggots,1
item,1
magpierobin,1
beam,1
content,1
soup,1
constuction,1
stream,1
mainland,1
maizecake,1
channel,1
clearing,1
bend,1
hook,1
fuss,1
grave,1
message,1
rope,1
seam,1
shortcut,1
splint,1
broken,1
stack,1
agreement,1
error,1
angry,1
ashamed,1
aware,1
naive,1
known,1
medium,1
legend,1
soft,1
thorns,1
brass,1
customary,1
dress,1
grass,1
palmtree,1
tidal,1
reed,1
Rungus,1
giant,1
thornshrub,1
nape,1
neck,1
narrate,1
narrative,1
nature,1
nausea,1
navel,1
ncantations,1
neacklace,1
bead,1
lower,1
pull,1
oar,1
oat,1
command,1
obeyed,1
objective,1
obstruct,1
occupants,1
wash,1
dishes,1
occur,1
necessity,1
deceased,1
relative,1
before,1
burial,1
stuff,1
offend,1
offended,1
forcefully,1
unashamedly,1
offering,1
office,1
rats,1
topic,1
ohoh,1
drum,1
smeared,1
oiled,1
oily,1
okay,1
pacify,1
pack,1
package,1
husk,1
sow,1
stalk,1
padlock,1
pady,1
farmer,1
page,1
paint,1
painting,1
paket,1
pal,1
palace,1
palate,1
pale,1
pamelo,1
pampered,1
daughter,1
pancake,1
pancreas,1
panic,1
panicing,1
style,1
bellbottoms,1
papa,1
bags,1
parable,1
paradise,1
parasite,1
parcel,1
parentsinlaw,1
ceremony,1
paricipate,1
parish,1
quake,1
quality,1
fitting,1
quarrel,1
quarter,1
questionnaire,1
queue,1
quickaction,1
quickly,1
quicktempered,1
light,1
quiver,1
race,1
rag,1
ragged,1
torn,1
drizzly,1
hardly,1
brook,1
slightly,1
rainbow,1
raincoat,1
rained,1
buttock,1
buttocks,1
raising,1
rally,1
rambutans,1
range,1
vision,1
ransom,1
rap,1
rare,1
rarely,1
rasp,1
binder,1
mat,1
straps,1
rattle,1
ravenge,1
ravenous,1
wound,1
path,1
touching,1
eye,1
Sabahan,1
indigenous,1
sack,1
sacrifice,1
sadness,1
sahre,1
boundaries,1
stern,1
storm,1
upstream,1
sailing,1
salary,1
saleable,1
saliva,1
salivating,1
salty,1
salughter,1
salwater,1
age,1
fate,1
height,1
level,1
sides,1
sameness,1
sample,1
sandy,1
sane,1
saperated,1
sarcastic,1
satiated,1
tadpole,1
bone,1
tailles,1
2nd,1
anu,1
scenery,1
aim,1
control,1
things,1
others,1
quantities,1
plenty,1
custody,1
lumps,1
using,1
bare,1
sigal,1
responsibility,1
root,1
rights,1
shower,1
stumps,1
latex,1
ugly,1
ulcer,1
ulcus,1
speak,1
unbalanced,1
unchanged,1
uncomfortable,1
uncommon,1
unconcious,1
unconscious,1
unconsious,1
uncontrolled,1
bushfire,1
faults,1
uncovered,1
undecided,1
pressure,1
underfloor,1
boards,1
undergrowth,1
underlay,1
underline,1
underneath,1
underwear,1
underworld,1
undivisible,1
undress,1
undressed,1
undrestood,1
uneasy,1
mouthchin,1
chin,1
caused,1
toothlessness,1
unfasten,1
unfortunate,1
unhuriedly,1
uniform,1
unintentionally,1
union,1
vaccinate,1
vague,1
vale,1
valiant,1
amount,1
flat,1
being,1
ancient,1
valuables,1
valued,1
brassware,1
vampiresque,1
varicose,1
veins,1
various,1
varnish,1
vast,1
marrow,1
vegetables,1
veil,1
vein,1
veneral,1
disease,1
venom,1
venomous,1
Venusstar,1
verify,1
versus,1
vertical,1
verticle,1
vertigo,1
lumpy,1
unrespected,1
smelly,1
sweet,1
thin,1
wad,1
wage,1
wail,1
waisting,1
wake,1
waken,1
longhouse,1
tiptoe,1
till,1
walkaway,1
destinations,1
stick,1
stiffening,1
wallet,1
mud,1
wallowing,1
walls,1
taken,1
wardrobe,1
medicated,1
dressing,1
warmself,1
xercise,1
patience,1
yale,1
yank,1
yarn,1
yawn,1
yawning,1
sole,1
foot,1
nose,1
yeast,1
yell,1
cucumber,1
yellowish,1
man,1
youngest,1
youngsters,1
youth,1
zero,1
zigzag,1
pour,1
swallowed,1
Tarob,1
finish,1
coffee,1
Orong,1
cookies,1
puppies,1
crab,1
pinch,1
Idot,1
househelp,1
Indonesia,1
book,1
Worm,1
lure,1
best,1
rodfishing,1
Grandpa,1
shave,1
play,1
football,1
our,1
deflated,1
forgot,1
padang,1
apiapi,1
baba,1
aromatic,1
escaped,1
biten,1
nurse,1
clinic,1
sister,1
Norika,1
step,1
childrens,1
knows,1
abnormal,1
growth,1
arm,1
during,1
museum,1
dose,1
health,1
enough,1
Dagger,1
sharp,1
wear,1
Dance,1
swim,1
across,1
getting,1
returned,1
fields,1
ever,1
cloud,1
after,1
whatsisname,1
boss,1
paying,1
harvest,1
chick,1
Are,1
listening,1
argue,1
much,1
advised,1
burning,1
pile,1
Dont,1
refuse,1
given,1
Walk,1
holding,1
torch,1
Use,1
finished,1
coconut,1
trees,1
Housework,1
become,1
piped,1
nearly,1
set,1
trap,1
sauerkraut,1
sure,1
satisfy,1
hunger,1
Kodili,1
gobbling,1
must,1
buisness,1
toilet,1
drunk,1
They,1
wine,1
neighbourhood,1
Faith,1
belief,1
live,1
stilts,1
Gather,1
Galangal,1
spicy,1
church,1
Sunday,1
born,1
norm,1
knock,1
Knock,1
deep,1
faster,1
wrist,1
sweater,1
grandmother,1
strongest,1
Hang,1
branches,1
As,1
Bagu,1
Bandis,1
refrigerator,1
siblings,1
That,1
heartburn,1
city,1
imagining,1
rich,1
Imagine,1
woman,1
runs,1
stay,1
leave,1
electric,1
bill,1
payment,1
mmaybe,1
cycling,1
oin,1
People,1
wrong,1
Adi,1
sleeps,1
whole,1
playing,1
cry,1
Join,1
few,1
fell,1
healed,1
Modtopik,1
yara,1
silod,1
kazu,1
branchess,1
while,1
crying,1
Hop,1
bath,1
running,1
medicine,1
craving,1
special,1
goun,1
Carefull,1
stairs,1
slipery,1
plane,1
Ranau,1
washed,1
Welson,1
hit,1
harvesting,1
areas,1
harvested,1
For,1
cope,1
sting,1
sidedish,1
shit,1
Wake,1
Or,1
school,1
alone,1
So,1
thought,1
does,1
manage,1
d,1
Many,1
swamp,1
farm,1
Plant,1
Human,1
beings,1
Work,1
fun,1
black,1
Mosong,1
voice,1
follow,1
feed,1
sit,1
grandma,1
key,1
Without,1
flour,1
Onoi,1
Listen,1
Yoboi,1
Of,1
wants,1
laugh,1
Maslina,1
stocky,1
bass,1
singing,1
Take,1
Onong,1
Oh,1
purse,1
Inai,1
All,1
right,1
agree,1
women,1
start,1
constellation,1
Galong,1
car,1
slippers,1
Cook,1
edible,1
wings,1
cause,1
pancreass,1
unfunctional,1
scold,1
asking,1
Ask,1
teacher,1
Give,1
rug,1
wipe,1
spilled,1
overflow,1
Ranibow,1
beautiful,1
seven,1
When,1
December,1
Year,1
Fetch,1
sweep,1
rubbish,1
comb,1
raped,1
Extra,1
carefull,1
Until,1
holiday,1
Sandakan,1
Have,1
tell,1
mana,1
pee,1
untill,1
urinated,1
manggo,1
No,1
more,1
savoury,1
dish,1
beauty,1
Mundari,1
kampong,1
Anak,1
taller,1
A,1
pillow,1
pillowcase,1
feels,1
dirty,1
disgusted,1
untiil,1
shy,1
starve,1
Drunken,1
controled,1
week,1
feet,1
future,1
fatherinlaw,1
pickled,1
starfruit,1
Chiness,1
language,1
These,1
troubles,1
than,1
ancestors,1
experienced,1
Read,1
bible,1
giving,1
high,1
top,1
really,1
return,1
America,1
visit,1
blanket,1
urinate,1
Kondong,1
urine,1
doing,1
homework,1
Wait,1
tomorrow,1
Papang,1
already,1
noon,1
but,1
ve,1
wooden,1
kitchen,1
trhekitchen,1
threads,1
colourfull,1
build,1
color,1
admit,1
took,1
Say,1
Because,1
brave,1
hat,1
mister,1
